{"version":"1.0","provider_name":"\u0642\u0627\u0644\u0628 \u062c\u0645\u0639\u064a\u0627\u062a \u0627\u0644\u062a\u0623\u064a\u064a\u062f \u0648\u0627\u0644\u0645\u0624\u0627\u0632\u0631\u0629","provider_url":"https:\/\/tempom.minasatech.com","author_name":"userttsdev","author_url":"https:\/\/tempom.minasatech.com\/author\/userttsdev\/","title":"\u0627\u0644\u0631\u0626\u064a\u0633\u064a\u0629 - \u0642\u0627\u0644\u0628 \u062c\u0645\u0639\u064a\u0627\u062a \u0627\u0644\u062a\u0623\u064a\u064a\u062f \u0648\u0627\u0644\u0645\u0624\u0627\u0632\u0631\u0629","type":"rich","width":600,"height":338,"html":"<blockquote class=\"wp-embedded-content\" data-secret=\"lHhHx0owLh\"><a href=\"https:\/\/tempom.minasatech.com\/\">\u0627\u0644\u0631\u0626\u064a\u0633\u064a\u0629<\/a><\/blockquote><iframe sandbox=\"allow-scripts\" security=\"restricted\" src=\"https:\/\/tempom.minasatech.com\/embed\/#?secret=lHhHx0owLh\" width=\"600\" height=\"338\" title=\"&#8220;\u0627\u0644\u0631\u0626\u064a\u0633\u064a\u0629&#8221; &#8212; \u0642\u0627\u0644\u0628 \u062c\u0645\u0639\u064a\u0627\u062a \u0627\u0644\u062a\u0623\u064a\u064a\u062f \u0648\u0627\u0644\u0645\u0624\u0627\u0632\u0631\u0629\" data-secret=\"lHhHx0owLh\" frameborder=\"0\" marginwidth=\"0\" marginheight=\"0\" scrolling=\"no\" class=\"wp-embedded-content\"><\/iframe><script>\n\/*! This file is auto-generated *\/\n!function(d,l){\"use strict\";l.querySelector&&d.addEventListener&&\"undefined\"!=typeof URL&&(d.wp=d.wp||{},d.wp.receiveEmbedMessage||(d.wp.receiveEmbedMessage=function(e){var t=e.data;if((t||t.secret||t.message||t.value)&&!\/[^a-zA-Z0-9]\/.test(t.secret)){for(var s,r,n,a=l.querySelectorAll('iframe[data-secret=\"'+t.secret+'\"]'),o=l.querySelectorAll('blockquote[data-secret=\"'+t.secret+'\"]'),c=new RegExp(\"^https?:$\",\"i\"),i=0;i<o.length;i++)o[i].style.display=\"none\";for(i=0;i<a.length;i++)s=a[i],e.source===s.contentWindow&&(s.removeAttribute(\"style\"),\"height\"===t.message?(1e3<(r=parseInt(t.value,10))?r=1e3:~~r<200&&(r=200),s.height=r):\"link\"===t.message&&(r=new URL(s.getAttribute(\"src\")),n=new URL(t.value),c.test(n.protocol))&&n.host===r.host&&l.activeElement===s&&(d.top.location.href=t.value))}},d.addEventListener(\"message\",d.wp.receiveEmbedMessage,!1),l.addEventListener(\"DOMContentLoaded\",function(){for(var e,t,s=l.querySelectorAll(\"iframe.wp-embedded-content\"),r=0;r<s.length;r++)(t=(e=s[r]).getAttribute(\"data-secret\"))||(t=Math.random().toString(36).substring(2,12),e.src+=\"#?secret=\"+t,e.setAttribute(\"data-secret\",t)),e.contentWindow.postMessage({message:\"ready\",secret:t},\"*\")},!1)))}(window,document);\n<\/script>\n","description":"&nbsp; &nbsp; &nbsp; &nbsp;&nbsp; &nbsp; &nbsp; &nbsp; &nbsp; &nbsp; &nbsp; &nbsp;&nbsp; &nbsp; &nbsp; &nbsp; &nbsp; &nbsp; &nbsp; &nbsp;&nbsp; &nbsp; &nbsp; &nbsp; \u0646\u0628\u0630\u0629 \u062a\u0639\u0631\u064a\u0641\u064a\u0629 \u0645\u0646 \u0646\u062d\u0646 \u0627\u0644\u0631\u0624\u064a\u0629\u0627\u0644\u0631\u0633\u0627\u0644\u0629\u0627\u0644\u0623\u0647\u062f\u0627\u0641 \u0627\u0644\u0627\u0633\u062a\u0631\u0627\u062a\u064a\u062c\u064a\u0629\u0627\u0644\u0623\u0647\u062f\u0627\u0641 \u0627\u0644\u062a\u0634\u063a\u064a\u0644\u064a\u0629\u0627\u0644\u0647\u064a\u0643\u0644 \u0627\u0644\u062a\u0646\u0638\u064a\u0645\u064a\u0627\u0644\u0645\u062f\u064a\u0631 \u0627\u0644\u062a\u0646\u0641\u064a\u0630\u064a \u0627\u0644\u0645\u062f\u064a\u0631 \u0627\u0644\u062a\u0646\u0641\u064a\u0630\u064a \u0627\u0644\u0633\u064a\u0631\u0629 \u0627\u0644\u0630\u0627\u062a\u064a\u0629 \u0644\u0644\u0645\u062f\u064a\u0631 \u0627\u0644\u062a\u0646\u0641\u064a\u0630\u064a \u0627\u0644\u062f\u0631\u062c\u0629 \u0627\u0644\u0639\u0644\u0645\u064a\u0629 \u0633\u0646\u0648\u0627\u062a \u0627\u0644\u062e\u0628\u0631\u0629 \u0631\u0642\u0645 \u0627\u0644\u062c\u0648\u0627\u0644 \u0627\u0644\u0628\u0631\u064a\u062f \u0627\u0644\u0625\u0644\u0643\u062a\u0631\u0648\u0646\u064a \u062a\u0639\u0631\u0641 \u0639\u0644\u0649 \u0627\u0644\u062e\u062f\u0645\u0627\u062a \u0627\u0644\u062a\u064a \u0646\u0642\u062f\u0645\u0647\u0627 \u062e\u062f\u0645\u0627\u062a\u0646\u0627 \u0627\u0644\u0645\u0645\u064a\u0632\u0629 \u0627\u0644\u062a\u062f\u0631\u064a\u0628 \u0648\u0627\u0644\u062a\u0623\u0647\u064a\u0644 \u062d\u0642\u064a\u0642\u0629 \u0645\u062b\u0628\u062a\u0629 [&hellip;]","thumbnail_url":"https:\/\/tempom.minasatech.com\/wp-content\/plugins\/elementor\/assets\/images\/placeholder.png"}